Warty Warthog | Warty*Hoary Hedgehog | Hoary*Breezy Badger | Breezy*Dapper Drake | Dapper*Edgy Eft | Edgy*Feisty Fawn | Feisty*Gutsy Gibbon | Gutsy*Hardy Heron | Hardy*Intrepid Ibex | Intrepid*Jaunty Jackalope | Jaunty*Karmic Koala | Karmic*Lucid Lynx | Lucid*Maverick Meerkat | Maverick*Natty Narwhal | Natty*Oneiric Ocelot | Oneiric*Precise Pangolin | Precise*Quantal Quetzal | Quantal*Raring Ringtail | Raring*Saucy Salamander | Saucy*Trusty Tahr | Trusty*Utopic Unicorn | Utopic*Vivid Vervet | Vivid*Wily Werewolf | Wily*Xenial Xerus | Xenial*Yakkety Yak | Yakkety*Zesty Zapus | Zesty*Artful Ardvark | Artful*Bionic Beaver | Bionic*Cosmic Cuttlefish | Cosmic*Disco Dingo | Disco*Eoan Ermine | Eoan*Focal Fossa | Focal*180